Comment,Designator,Footprint,LCSC
SY8303AIC,IC1,SOT65P280X110-8N,
~,Pad_pin_7,pad_pin_03,
LED,D1,LED_0201_0603Metric,
100uF,C11,CAPAE660X770N,
"8,2 nH",L1,L_0402_1005Metric,
10K,R5,R_0603_1608Metric,
18pF,C2,C_0603_1608Metric,
"4,7 pF",C15,C_01005_0402Metric,
"0,1uF",C6,C_0603_1608Metric,
220 Ohm,R2,R_0603_1608Metric,
~,Pad_pin_11,pad_pin_03,
"1,5 pF",C13,C_01005_0402Metric,
~,Pad_pin_9,pad_pin_03,
T491A106K016AT,C24,T491A,
33nF,C28,C_0805_2012Metric,
T491A106K016AT,C25,T491A,
TL3365AF180QG,S2,SW_TL3365AF180QG,
18pF,C1,C_0603_1608Metric,
1uF,C3,C_0805_2012Metric,
10nF,C21,C_0603_1608Metric,
~,Pad_pin_15,pad_pin_03,
10K,R11,R_0603_1608Metric,
"3,9 nH",L3,L_0402_1005Metric,
"0,1uF",C33,C_0603_1608Metric,
Conn_01x02_Pin,J6,PinHeader_1x02_P1.27mm_Vertical,
10uF,C32,C_0805_2012Metric,
10nF,C23,C_0603_1608Metric,
Conn_01x02_Pin,J4,PinHeader_1x02_P1.27mm_Vertical,
1 pF,C16,C_01005_0402Metric,
33nF,C27,C_0805_2012Metric,
Conn_01x03,J16,PinHeader_1x03_P1.27mm_Vertical,
~,Pad_pin_14,pad_pin_03,
"2,7 nH",L2,L_0402_1005Metric,
TLE9201SG,U1,SOP100P1030X260-13N,
TLE9201SG,U3,SOP100P1030X260-13N,
SSA34-E3_61T,D2,DIOM5127X229N,
~,Pad_pin_8,pad_pin_03,
ATMEGA32U4TQFP-44,U2,TQFP44,
~,Pad_pin_6,pad_pin_03,
Conn_01x01_Pin,J13,PinHeader_1x01_P1.27mm_Vertical,
10K,R15,R_0603_1608Metric,
Conn_01x01_Pin,J12,PinHeader_1x01_P1.27mm_Vertical,
22K,R7,R_01005_0402Metric,
22K,R10,R_0805_2012Metric,
18pF,C18,C_0603_1608Metric,
18pF,C17,C_0603_1608Metric,
12 pF,C36,C_1206_3216Metric,
"0,1uF",C8,C_0603_1608Metric,
10K,R9,R_0805_2012Metric,
~,Pad_pin_13,pad_pin_03,
~,Pad_pin_1,pad_pin_03,
10uF,C34,C_0805_2012Metric,
Conn_01x02_Pin,J5,PinHeader_1x02_P1.27mm_Vertical,
Conn_01x02_Pin,J3,PinHeader_1x02_P1.27mm_Vertical,
"0,1uF",C31,C_0603_1608Metric,
"2,2 nF",C14,C_01005_0402Metric,
100 nF,C10,C_0603_1608Metric,
~,Pad_pin_16,pad_pin_03,
AVR-ISP,U5,AVR-ISP,
10nF,C22,C_0603_1608Metric,
110K Ohm,R13,R_0805_2012Metric,
33nF,C29,C_0805_2012Metric,
SMA-J-P-H-ST-EM1,J11,SMA_Samtec_SMA-J-P-X-ST-EM1_EdgeMount,
"4,7 uH",L4,7447714220,
Crystal_GND24,Y2,CRYSTAL-SMD-5X3.2-4PAD,
~,Pad_pin_10,pad_pin_03,
CMT-1032-85-SMT-TR,LS1,CMT103285SMTTR,
220 Ohm,R3,R_0603_1608Metric,
NRF24L01,U4,QFN-20-1EP_4x4mm_P0.5mm_EP2.5x2.5mm,
Conn_01x03,J17,PinHeader_1x03_P1.27mm_Vertical,
Conn_01x03,J15,PinHeader_1x03_P1.27mm_Vertical,
33nF,C26,C_0805_2012Metric,
10K,R8,R_0603_1608Metric,
10uF,C35,C_0805_2012Metric,
1x2,J2,PinHeader_1x02_P2.54mm_Vertical,
REG1117-3.3,IC2,SOT230P700X180-4N,
100K Ohm,R12,R_0805_2012Metric,
10uF,C30,C_0805_2012Metric,
Conn_01x02_Pin,J8,PinHeader_1x02_P1.27mm_Vertical,
Conn_01x04,J14,PinHeader_1x04_P2.54mm_Vertical,
Conn_01x02_Pin,J7,PinHeader_1x02_P1.27mm_Vertical,
~,Pad_pin_4,pad_pin_03,
DS04-254-2-03BK-SMT,S3,DS04254203BKSMT,
3314S-3-103E,VR1,3314S1501E,
~,Pad_pin_2,pad_pin_03,
1K,R4,R_1206_3216Metric,
~,Pad_pin_3,pad_pin_03,
2.1K,R16,R_0603_1608Metric,
TL3365AF180QG,S1,SW_TL3365AF180QG,
"0,1uF",C7,C_0603_1608Metric,
~,Pad_pin_5,pad_pin_03,
Mini - B,J1,USB-MINIB,
1M,R6,R_01005_0402Metric,
~,Pad_pin_12,pad_pin_03,
33 nF,C19,C_01005_0402Metric,
Crystal_GND24,Y1,CRYSTAL-SMD-5X3.2-4PAD,
SSA34-E3_61T,D3,DIOM5127X229N,
15K Ohm,R14,R_0805_2012Metric,
1uF,C4,C_0805_2012Metric,
10nF,C12,C_1206_3216Metric,
Conn_01x02,J9,PinHeader_1x02_P2.54mm_Vertical,
1K,R1,R_1206_3216Metric,
10uF,C20,C_0805_2012Metric,
1uF,C9,C_0603_1608Metric,
Conn_01x02,J10,PinHeader_1x02_P2.54mm_Vertical,
"0,1uF",C5,C_0603_1608Metric,
