Designator,Val,Package,Mid X,Mid Y,Rotation,Layer
C1,18pF,C_0603_1608Metric,148.575,-56.815,90.0,top
C2,18pF,C_0603_1608Metric,150.06,-56.825,90.0,top
C3,1uF,C_0805_2012Metric,156.015,-60.345,0.0,top
C4,1uF,C_0805_2012Metric,163.63468,-59.43,0.0,top
C5,"0,1uF",C_0603_1608Metric,160.395,-67.005,0.0,top
C6,"0,1uF",C_0603_1608Metric,142.2,-62.575,90.0,top
C7,"0,1uF",C_0603_1608Metric,143.99,-71.635,180.0,top
C8,"0,1uF",C_0603_1608Metric,151.54,-57.335,-90.0,top
C9,1uF,C_0603_1608Metric,158.72,-59.085,180.0,top
C10,100 nF,C_0603_1608Metric,152.725,-75.1,180.0,top
C11,100uF,CAPAE660X770N,146.755,-76.37,180.0,top
C12,10nF,C_1206_3216Metric,163.75,-73.48,180.0,top
C13,"1,5 pF",C_01005_0402Metric,114.325,-64.115,180.0,top
C14,"2,2 nF",C_01005_0402Metric,115.025,-61.6,0.0,top
C15,"4,7 pF",C_01005_0402Metric,115.025,-62.3,0.0,top
C16,1 pF,C_01005_0402Metric,113.805,-65.115,90.0,top
C17,18pF,C_0603_1608Metric,122.975,-59.51,0.0,top
C18,18pF,C_0603_1608Metric,119.35,-59.51,180.0,top
C19,33 nF,C_01005_0402Metric,122.8,-67.35,180.0,top
C20,10uF,C_0805_2012Metric,125.915,-70.895,180.0,top
C21,10nF,C_0603_1608Metric,126.205,-61.525,0.0,top
C22,10nF,C_0603_1608Metric,123.525,-68.8,0.0,top
C23,10nF,C_0603_1608Metric,119.425,-68.8,0.0,top
C24,T491A106K016AT,T491A,120.16,-79.28,180.0,top
C25,T491A106K016AT,T491A,126.27,-76.99,90.0,top
C26,33nF,C_0805_2012Metric,130.995,-75.895,180.0,top
C27,33nF,C_0805_2012Metric,138.16,-78.23,180.0,top
C28,33nF,C_0805_2012Metric,180.035,-78.975,180.0,top
C29,33nF,C_0805_2012Metric,179.97,-76.89,0.0,top
C30,10uF,C_0805_2012Metric,157.1,-73.02,180.0,top
C31,"0,1uF",C_0603_1608Metric,158.575,-69.27,0.0,top
C32,10uF,C_0805_2012Metric,157.1,-71.125,180.0,top
C33,"0,1uF",C_0603_1608Metric,176.6,-64.965,180.0,top
C34,10uF,C_0805_2012Metric,176.465,-66.76,0.0,top
C35,10uF,C_0805_2012Metric,176.46,-68.73,0.0,top
C36,12 pF,C_1206_3216Metric,170.68,-65.86,180.0,top
D1,LED,LED_0201_0603Metric,163.30468,-62.4575,-90.0,top
D2,SSA34-E3_61T,DIOM5127X229N,153.105,-78.925,180.0,top
D3,SSA34-E3_61T,DIOM5127X229N,158.74,-75.34,0.0,top
IC1,SY8303AIC,SOT65P280X110-8N,163.815,-70.535,180.0,top
IC2,REG1117-3.3,SOT230P700X180-4N,121.835,-74.06,90.0,top
J1,Mini - B,USB-MINIB,160.34234,-54.54064,-90.0,top
J2,1x2,PinHeader_1x02_P2.54mm_Vertical,159.125,-78.15,90.0,top
J3,Conn_01x02_Pin,PinHeader_1x02_P1.27mm_Vertical,140.945,-54.94,0.0,top
J4,Conn_01x02_Pin,PinHeader_1x02_P1.27mm_Vertical,141.245,-68.08,0.0,top
J5,Conn_01x02_Pin,PinHeader_1x02_P1.27mm_Vertical,125.71,-56.265,0.0,top
J6,Conn_01x02_Pin,PinHeader_1x02_P1.27mm_Vertical,127.755,-65.955,-90.0,top
J7,Conn_01x02_Pin,PinHeader_1x02_P1.27mm_Vertical,127.765,-63.59,-90.0,top
J8,Conn_01x02_Pin,PinHeader_1x02_P1.27mm_Vertical,166.775,-63.135,-90.0,top
J9,Conn_01x02,PinHeader_1x02_P2.54mm_Vertical,133.215,-78.695,90.0,top
J10,Conn_01x02,PinHeader_1x02_P2.54mm_Vertical,184.355,-78.69,-90.0,top
J11,SMA-J-P-H-ST-EM1,SMA_Samtec_SMA-J-P-X-ST-EM1_EdgeMount,111.485,-64.46,-90.0,top
J12,Conn_01x01_Pin,PinHeader_1x01_P1.27mm_Vertical,163.35,-76.9,180.0,top
J13,Conn_01x01_Pin,PinHeader_1x01_P1.27mm_Vertical,154.9,-76.9,0.0,top
J14,Conn_01x04,PinHeader_1x04_P2.54mm_Vertical,188.26,-65.45,0.0,top
J15,Conn_01x03,PinHeader_1x03_P1.27mm_Vertical,180.2,-58.33,0.0,top
J16,Conn_01x03,PinHeader_1x03_P1.27mm_Vertical,182.705,-58.33,0.0,top
J17,Conn_01x03,PinHeader_1x03_P1.27mm_Vertical,185.235,-58.33,0.0,top
L1,"8,2 nH",L_0402_1005Metric,116.71,-64.635,90.0,top
L2,"2,7 nH",L_0402_1005Metric,115.6,-63.725,90.0,top
L3,"3,9 nH",L_0402_1005Metric,115.115,-65.15,180.0,top
L4,"4,7 uH",7447714220,172.655,-74.95,180.0,top
LS1,CMT-1032-85-SMT-TR,CMT103285SMTTR,132.94,-55.595,-90.0,top
Pad_pin_1,~,pad_pin_03,120.0,-52.24,0.0,top
Pad_pin_2,~,pad_pin_03,126.0,-52.24,0.0,top
Pad_pin_3,~,pad_pin_03,132.0,-52.24,0.0,top
Pad_pin_4,~,pad_pin_03,137.99,-52.23,0.0,top
Pad_pin_5,~,pad_pin_03,143.99,-52.23,0.0,top
Pad_pin_6,~,pad_pin_03,149.98,-52.22,0.0,top
Pad_pin_7,~,pad_pin_03,155.98,-52.22,0.0,top
Pad_pin_8,~,pad_pin_03,161.97,-52.21,0.0,top
Pad_pin_9,~,pad_pin_03,171.27,-78.06,0.0,top
Pad_pin_10,~,pad_pin_03,138.945,-78.06,0.0,top
Pad_pin_11,~,pad_pin_03,119.95,-78.065,0.0,top
Pad_pin_12,~,pad_pin_03,150.945,-78.06,0.0,top
Pad_pin_13,~,pad_pin_03,125.95,-78.065,0.0,top
Pad_pin_14,~,pad_pin_03,144.945,-78.06,0.0,top
Pad_pin_15,~,pad_pin_03,167.95,-52.19,0.0,top
Pad_pin_16,~,pad_pin_03,173.94,-52.18,0.0,top
R1,1K,R_1206_3216Metric,141.39,-72.025,-90.0,top
R2,220 Ohm,R_0603_1608Metric,161.14068,-61.9159,90.0,top
R3,220 Ohm,R_0603_1608Metric,159.49468,-62.05,90.0,top
R4,1K,R_1206_3216Metric,163.39068,-65.8534,90.0,top
R5,10K,R_0603_1608Metric,153.34,-56.765,90.0,top
R6,1M,R_01005_0402Metric,121.21,-60.555,0.0,top
R7,22K,R_01005_0402Metric,120.18,-66.79,-90.0,top
R8,10K,R_0603_1608Metric,125.32,-53.305,-90.0,top
R9,10K,R_0805_2012Metric,188.345,-58.09,-90.0,top
R10,22K,R_0805_2012Metric,188.39,-72.805,90.0,top
R11,10K,R_0603_1608Metric,160.135,-72.265,90.0,top
R12,100K Ohm,R_0805_2012Metric,166.92,-69.9375,90.0,top
R13,110K Ohm,R_0805_2012Metric,170.085,-67.99,180.0,top
R14,15K Ohm,R_0805_2012Metric,166.67,-67.085,180.0,top
R15,10K,R_0603_1608Metric,171.255,-63.115,0.0,top
R16,2.1K,R_0603_1608Metric,174.14,-63.115,0.0,top
S1,TL3365AF180QG,SW_TL3365AF180QG,150.58,-51.83,180.0,top
S2,TL3365AF180QG,SW_TL3365AF180QG,121.575,-52.825,0.0,top
S3,DS04-254-2-03BK-SMT,DS04254203BKSMT,172.455,-55.995,180.0,top
U1,TLE9201SG,SOP100P1030X260-13N,133.75,-67.98,90.0,top
U2,ATMEGA32U4TQFP-44,TQFP44,149.875,-65.715,180.0,top
U3,TLE9201SG,SOP100P1030X260-13N,182.85,-67.98,-90.0,top
U4,NRF24L01,QFN-20-1EP_4x4mm_P0.5mm_EP2.5x2.5mm,121.925,-63.525,180.0,top
U5,AVR-ISP,AVR-ISP,182.86,-53.18,0.0,top
VR1,3314S-3-103E,3314S1501E,145.015,-53.365,0.0,top
Y1,Crystal_GND24,CRYSTAL-SMD-5X3.2-4PAD,121.25412,-56.94192,180.0,top
Y2,Crystal_GND24,CRYSTAL-SMD-5X3.2-4PAD,142.42146,-58.96893,180.0,top
